id,postedDate,submitter,submitterType,organization,category,state,wordCount,policySpecific,stance,subthemes,sourceUrl
CMS-2026-2377-0079,2026-07-17,CSRA Renal Services,Organization,CSRA Renal Services,Health Care Professional/Association - Physician,Unspecified,602,Yes,Oppose/narrow employment restriction,Access disruption; Small/independent practice capacity; Rural/underserved impact; Workforce shortages; Program integrity/OIG; Oversight/accountability guardrails; Continuity/early intervention; Alternative to employment test; Coding/device valuation,https://www.regulations.gov/comment/CMS-2026-2377-0079
CMS-2026-2377-0092,2026-07-17,R Parker,Individual,,Individual - I0001,MN,27518,No,Oppose/narrow employment restriction,Access disruption; Small/independent practice capacity; Rural/underserved impact; Workforce shortages; Program integrity/OIG; Oversight/accountability guardrails; Clinical integration; Continuity/early intervention; Transition/delay request; Alternative to employment test; Licensure/qualified staff; Coding/device valuation,https://www.regulations.gov/comment/CMS-2026-2377-0092
CMS-2026-2377-0131,2026-07-23,"Code Pause, Inc.",Organization,"Code Pause, Inc.",Unspecified,Unspecified,3336,Yes,Oppose/narrow employment restriction,Access disruption; Small/independent practice capacity; Rural/underserved impact; Workforce shortages; Program integrity/OIG; Oversight/accountability guardrails; Clinical integration; Continuity/early intervention; Transition/delay request; Alternative to employment test; Licensure/qualified staff; Coding/device valuation,https://www.regulations.gov/comment/CMS-2026-2377-0131
CMS-2026-2377-0165,2026-07-23,Rick Pescatore,Individual,,Physician - HC005,PA,1010,Yes,Support/clarify employment restriction,Small/independent practice capacity; Program integrity/OIG; Continuity/early intervention; Transition/delay request; Alternative to employment test; Licensure/qualified staff; Coding/device valuation,https://www.regulations.gov/comment/CMS-2026-2377-0165
CMS-2026-2377-0386,2026-07-23,Brandy Kennedy,Individual,,Health Care Provider/Association - Critical Access Hospital,TX,611,Yes,Oppose/narrow employment restriction,Access disruption; Rural/underserved impact; Workforce shortages; Program integrity/OIG; Oversight/accountability guardrails; Clinical integration; Continuity/early intervention; Alternative to employment test; Licensure/qualified staff,https://www.regulations.gov/comment/CMS-2026-2377-0386
CMS-2026-2377-0407,2026-07-23,"rtNOW, LLC",Organization,"rtNOW, LLC",Health Care Provider/Association - Other,Unspecified,447,Yes,Oppose/narrow employment restriction,Access disruption; Small/independent practice capacity; Rural/underserved impact; Workforce shortages; Oversight/accountability guardrails; Continuity/early intervention; Licensure/qualified staff,https://www.regulations.gov/comment/CMS-2026-2377-0407
CMS-2026-2377-0443,2026-07-24,Anonymous/withheld,Anonymous/withheld,,Federal Government - G0005,Unspecified,17763,Yes,Oppose/narrow employment restriction,Access disruption; Small/independent practice capacity; Rural/underserved impact; Workforce shortages; Program integrity/OIG; Oversight/accountability guardrails; Clinical integration; Continuity/early intervention; Transition/delay request; Alternative to employment test; Licensure/qualified staff; Coding/device valuation,https://www.regulations.gov/comment/CMS-2026-2377-0443
CMS-2026-2377-0508,2026-07-24,Mark Smith,Individual,,Unspecified,Unspecified,442,No,RPM/RTM adjacent,Oversight/accountability guardrails; Clinical integration; Alternative to employment test; Licensure/qualified staff; Coding/device valuation,https://www.regulations.gov/comment/CMS-2026-2377-0508
CMS-2026-2377-0565,2026-07-27,Anonymous/withheld,Anonymous/withheld,,Unspecified,Unspecified,538,No,Oppose/narrow employment restriction,Access disruption; Small/independent practice capacity; Workforce shortages; Program integrity/OIG; Oversight/accountability guardrails; Alternative to employment test; Licensure/qualified staff,https://www.regulations.gov/comment/CMS-2026-2377-0565
CMS-2026-2377-0590,2026-07-27,Xandar Kardian,Organization,Xandar Kardian,Device Industry - PI005,Unspecified,1675,Yes,Oppose/narrow employment restriction,Access disruption; Small/independent practice capacity; Rural/underserved impact; Workforce shortages; Oversight/accountability guardrails; Clinical integration; Continuity/early intervention; Alternative to employment test; Coding/device valuation,https://www.regulations.gov/comment/CMS-2026-2377-0590
CMS-2026-2377-0601,2026-07-27,Justin Quinn,Individual,,Physician - HC005,TN,428,No,RPM/RTM adjacent,Access disruption; Workforce shortages; Oversight/accountability guardrails; Transition/delay request; Coding/device valuation,https://www.regulations.gov/comment/CMS-2026-2377-0601
CMS-2026-2377-0614,2026-07-27,Lance Martin,Individual,,Device Industry - PI005,TX,292,Yes,Oppose/narrow employment restriction,Small/independent practice capacity; Oversight/accountability guardrails; Continuity/early intervention,https://www.regulations.gov/comment/CMS-2026-2377-0614
CMS-2026-2377-0655,2026-07-27,Anonymous/withheld,Anonymous/withheld,,Unspecified,Unspecified,687,Yes,Oppose/narrow employment restriction,Access disruption; Small/independent practice capacity; Rural/underserved impact; Workforce shortages; Program integrity/OIG; Oversight/accountability guardrails; Clinical integration; Continuity/early intervention; Alternative to employment test,https://www.regulations.gov/comment/CMS-2026-2377-0655
CMS-2026-2377-0694,2026-07-27,Sara Spencer-Kinoti,Individual,,Unspecified,TX,446,Yes,Support/clarify employment restriction,Access disruption; Small/independent practice capacity; Workforce shortages; Oversight/accountability guardrails; Clinical integration; Continuity/early intervention; Alternative to employment test,https://www.regulations.gov/comment/CMS-2026-2377-0694
CMS-2026-2377-0770,2026-07-27,"Massive Bio, Inc",Organization,"Massive Bio, Inc",Private Industry - Health Care,Unspecified,4899,Yes,Oppose/narrow employment restriction,Access disruption; Small/independent practice capacity; Rural/underserved impact; Workforce shortages; Program integrity/OIG; Oversight/accountability guardrails; Clinical integration; Continuity/early intervention; Transition/delay request; Alternative to employment test; Licensure/qualified staff; Coding/device valuation,https://www.regulations.gov/comment/CMS-2026-2377-0770
CMS-2026-2377-0797,2026-07-27,SurgicalRx,Organization,SurgicalRx,Health Care Industry - PI015,Unspecified,1019,Yes,Oppose/narrow employment restriction,Access disruption; Small/independent practice capacity; Workforce shortages; Oversight/accountability guardrails; Continuity/early intervention; Transition/delay request; Alternative to employment test; Coding/device valuation,https://www.regulations.gov/comment/CMS-2026-2377-0797
CMS-2026-2377-0827,2026-07-27,Sylwester Wiernasz,Individual,,Individual - I0001,PA,376,No,RPM/RTM adjacent,Rural/underserved impact; Clinical integration; Continuity/early intervention; Alternative to employment test; Coding/device valuation,https://www.regulations.gov/comment/CMS-2026-2377-0827
CMS-2026-2377-0857,2026-07-27,PhyxUp Health,Organization,PhyxUp Health,Private Industry - Health Care,Unspecified,1949,Yes,Oppose/narrow employment restriction,Access disruption; Small/independent practice capacity; Workforce shortages; Program integrity/OIG; Oversight/accountability guardrails; Clinical integration; Continuity/early intervention; Alternative to employment test; Licensure/qualified staff; Coding/device valuation,https://www.regulations.gov/comment/CMS-2026-2377-0857
CMS-2026-2377-0861,2026-07-27,Nada Sareini,Individual,,Nurse Practitioner - HC015,Unspecified,446,No,RPM/RTM adjacent,Access disruption; Rural/underserved impact; Program integrity/OIG; Continuity/early intervention,https://www.regulations.gov/comment/CMS-2026-2377-0861
CMS-2026-2377-0960,2026-07-27,Precision Pain Care,Organization,Precision Pain Care,Health Care Professional/Association - Physician,Unspecified,451,Yes,Oppose/narrow employment restriction,Access disruption; Small/independent practice capacity; Rural/underserved impact; Workforce shortages; Oversight/accountability guardrails; Continuity/early intervention; Transition/delay request; Alternative to employment test,https://www.regulations.gov/comment/CMS-2026-2377-0960
CMS-2026-2377-0964,2026-07-27,Christine Blasiole,Individual,,Unspecified,Unspecified,660,Yes,Oppose/narrow employment restriction,Access disruption; Workforce shortages; Program integrity/OIG; Continuity/early intervention; Transition/delay request; Alternative to employment test; Licensure/qualified staff; Coding/device valuation,https://www.regulations.gov/comment/CMS-2026-2377-0964
CMS-2026-2377-0984,2026-07-27,Anonymous/withheld,Anonymous/withheld,,Health Care Industry - PI015,Unspecified,671,No,Oppose/narrow employment restriction,Access disruption; Small/independent practice capacity; Rural/underserved impact; Workforce shortages; Program integrity/OIG; Oversight/accountability guardrails; Clinical integration; Continuity/early intervention; Transition/delay request; Alternative to employment test; Licensure/qualified staff; Coding/device valuation,https://www.regulations.gov/comment/CMS-2026-2377-0984
CMS-2026-2377-1013,2026-07-28,Esvyda Inc.,Organization,Esvyda Inc.,Health Care Industry - PI015,Unspecified,589,Yes,Oppose/narrow employment restriction,Access disruption; Rural/underserved impact; Oversight/accountability guardrails; Clinical integration; Continuity/early intervention; Transition/delay request; Alternative to employment test; Coding/device valuation,https://www.regulations.gov/comment/CMS-2026-2377-1013
CMS-2026-2377-1024,2026-07-28,Devon Gaur,Individual,,Individual,CA,3340,Yes,Oppose/narrow employment restriction,Access disruption; Small/independent practice capacity; Workforce shortages; Program integrity/OIG; Oversight/accountability guardrails; Clinical integration; Continuity/early intervention; Alternative to employment test; Coding/device valuation,https://www.regulations.gov/comment/CMS-2026-2377-1024
CMS-2026-2377-1040,2026-07-28,Anonymous/withheld,Anonymous/withheld,,Unspecified,Unspecified,176,Yes,Oppose/narrow employment restriction,Access disruption; Rural/underserved impact; Continuity/early intervention,https://www.regulations.gov/comment/CMS-2026-2377-1040
CMS-2026-2377-1057,2026-07-28,Jay Idler,Individual,,Health Care Professional/Association - Physician,PA,579,No,Oppose/narrow employment restriction,Clinical integration; Transition/delay request; Alternative to employment test; Coding/device valuation,https://www.regulations.gov/comment/CMS-2026-2377-1057
CMS-2026-2377-1078,2026-07-29,InVite Fitness,Organization,InVite Fitness,Consumer Group,Unspecified,574,Yes,Oppose/narrow employment restriction,Access disruption; Rural/underserved impact; Workforce shortages; Oversight/accountability guardrails; Continuity/early intervention; Alternative to employment test; Coding/device valuation,https://www.regulations.gov/comment/CMS-2026-2377-1078
CMS-2026-2377-1081,2026-07-29,Andrea Lausch,Individual,,Unspecified,Unspecified,660,Yes,Oppose/narrow employment restriction,Access disruption; Workforce shortages; Program integrity/OIG; Continuity/early intervention; Transition/delay request; Alternative to employment test; Licensure/qualified staff; Coding/device valuation,https://www.regulations.gov/comment/CMS-2026-2377-1081
CMS-2026-2377-1094,2026-07-29,Anonymous/withheld,Anonymous/withheld,,Private Industry - Device,Unspecified,356,Yes,Oppose/narrow employment restriction,Workforce shortages; Oversight/accountability guardrails; Alternative to employment test; Coding/device valuation,https://www.regulations.gov/comment/CMS-2026-2377-1094
CMS-2026-2377-1114,2026-07-29,R Scott Harris,Individual,,Unspecified,Unspecified,259,Yes,Oppose/narrow employment restriction,Access disruption; Rural/underserved impact; Workforce shortages; Oversight/accountability guardrails; Alternative to employment test,https://www.regulations.gov/comment/CMS-2026-2377-1114
CMS-2026-2377-1116,2026-07-29,Meredith Pieper,Individual,,Unspecified,Unspecified,660,Yes,Oppose/narrow employment restriction,Access disruption; Workforce shortages; Program integrity/OIG; Continuity/early intervention; Transition/delay request; Alternative to employment test; Licensure/qualified staff; Coding/device valuation,https://www.regulations.gov/comment/CMS-2026-2377-1116
CMS-2026-2377-1121,2026-07-29,Lori Pearlmutter,Individual,,Unspecified,Unspecified,660,Yes,Oppose/narrow employment restriction,Access disruption; Workforce shortages; Program integrity/OIG; Continuity/early intervention; Transition/delay request; Alternative to employment test; Licensure/qualified staff; Coding/device valuation,https://www.regulations.gov/comment/CMS-2026-2377-1121
CMS-2026-2377-1144,2026-07-29,Scott Laster,Individual,,Unspecified,Unspecified,732,No,RPM/RTM adjacent,Access disruption; Rural/underserved impact; Workforce shortages; Program integrity/OIG; Oversight/accountability guardrails; Continuity/early intervention; Alternative to employment test; Coding/device valuation,https://www.regulations.gov/comment/CMS-2026-2377-1144
CMS-2026-2377-1145,2026-07-29,Gary Lin,Individual,,Unspecified,Unspecified,660,Yes,Oppose/narrow employment restriction,Access disruption; Workforce shortages; Program integrity/OIG; Continuity/early intervention; Transition/delay request; Alternative to employment test; Licensure/qualified staff; Coding/device valuation,https://www.regulations.gov/comment/CMS-2026-2377-1145
CMS-2026-2377-1148,2026-07-29,ProteusDx by FirstVitals,Organization,ProteusDx by FirstVitals,Device Industry - PI005,Unspecified,1872,Yes,Oppose/narrow employment restriction,Access disruption; Small/independent practice capacity; Workforce shortages; Program integrity/OIG; Oversight/accountability guardrails; Clinical integration; Continuity/early intervention; Transition/delay request; Alternative to employment test; Licensure/qualified staff; Coding/device valuation,https://www.regulations.gov/comment/CMS-2026-2377-1148
CMS-2026-2377-1157,2026-07-29,Daniel Rothbaum,Individual,,Health Care Professional/Association - Physician,FL,272,Yes,Oppose/narrow employment restriction,Access disruption; Small/independent practice capacity; Rural/underserved impact; Coding/device valuation,https://www.regulations.gov/comment/CMS-2026-2377-1157
CMS-2026-2377-1162,2026-07-29,Shannon Forrestall,Individual,,Unspecified,Unspecified,660,Yes,Oppose/narrow employment restriction,Access disruption; Workforce shortages; Program integrity/OIG; Continuity/early intervention; Transition/delay request; Alternative to employment test; Licensure/qualified staff; Coding/device valuation,https://www.regulations.gov/comment/CMS-2026-2377-1162
CMS-2026-2377-1171,2026-07-29,Michael Marzano,Individual,,Unspecified,Unspecified,660,Yes,Oppose/narrow employment restriction,Access disruption; Workforce shortages; Program integrity/OIG; Continuity/early intervention; Transition/delay request; Alternative to employment test; Licensure/qualified staff; Coding/device valuation,https://www.regulations.gov/comment/CMS-2026-2377-1171
CMS-2026-2377-1172,2026-07-29,Tammy Richmond,Individual,,Unspecified,Unspecified,254,Yes,Oppose/narrow employment restriction,Access disruption; Rural/underserved impact; Workforce shortages; Oversight/accountability guardrails; Alternative to employment test,https://www.regulations.gov/comment/CMS-2026-2377-1172
CMS-2026-2377-1177,2026-07-29,Shane Prejean,Individual,,Physician - HC005,LA,117,No,RPM/RTM adjacent,Program integrity/OIG,https://www.regulations.gov/comment/CMS-2026-2377-1177
CMS-2026-2377-1190,2026-07-29,Meghan Mosher,Individual,,Unspecified,Unspecified,254,Yes,Oppose/narrow employment restriction,Access disruption; Rural/underserved impact; Workforce shortages; Oversight/accountability guardrails; Alternative to employment test,https://www.regulations.gov/comment/CMS-2026-2377-1190
CMS-2026-2377-1198,2026-07-29,Tamara Bazar,Individual,,Unspecified,Unspecified,254,Yes,Oppose/narrow employment restriction,Access disruption; Rural/underserved impact; Workforce shortages; Oversight/accountability guardrails; Alternative to employment test,https://www.regulations.gov/comment/CMS-2026-2377-1198
CMS-2026-2377-1231,2026-07-30,Jon-Michial Carter,Individual,,Unspecified,Unspecified,254,Yes,Oppose/narrow employment restriction,Access disruption; Rural/underserved impact; Workforce shortages; Oversight/accountability guardrails; Alternative to employment test,https://www.regulations.gov/comment/CMS-2026-2377-1231
CMS-2026-2377-1233,2026-07-30,Illinois Rural Community Care Organization LLC,Organization,Illinois Rural Community Care Organization LLC,Other - OT001,Unspecified,3117,Yes,Oppose/narrow employment restriction,Access disruption; Small/independent practice capacity; Rural/underserved impact; Workforce shortages; Oversight/accountability guardrails; Clinical integration; Continuity/early intervention; Transition/delay request; Alternative to employment test,https://www.regulations.gov/comment/CMS-2026-2377-1233
CMS-2026-2377-1235,2026-07-30,Ron Lobato,Individual,,Unspecified,Unspecified,254,Yes,Oppose/narrow employment restriction,Access disruption; Rural/underserved impact; Workforce shortages; Oversight/accountability guardrails; Alternative to employment test,https://www.regulations.gov/comment/CMS-2026-2377-1235
CMS-2026-2377-1236,2026-07-30,Renee Halfhill,Individual,,Unspecified,Unspecified,660,Yes,Oppose/narrow employment restriction,Access disruption; Workforce shortages; Program integrity/OIG; Continuity/early intervention; Transition/delay request; Alternative to employment test; Licensure/qualified staff; Coding/device valuation,https://www.regulations.gov/comment/CMS-2026-2377-1236
CMS-2026-2377-1243,2026-07-30,Saad Junaid,Individual,,Unspecified,Unspecified,254,Yes,Oppose/narrow employment restriction,Access disruption; Rural/underserved impact; Workforce shortages; Oversight/accountability guardrails; Alternative to employment test,https://www.regulations.gov/comment/CMS-2026-2377-1243
CMS-2026-2377-1247,2026-07-30,Daniel Macera,Individual,,Unspecified,Unspecified,660,Yes,Oppose/narrow employment restriction,Access disruption; Workforce shortages; Program integrity/OIG; Continuity/early intervention; Transition/delay request; Alternative to employment test; Licensure/qualified staff; Coding/device valuation,https://www.regulations.gov/comment/CMS-2026-2377-1247
CMS-2026-2377-1265,2026-07-30,Krisi Probert,Individual,,Health Care Industry - PI015,GA,1937,Yes,Oppose/narrow employment restriction,Access disruption; Rural/underserved impact; Workforce shortages; Program integrity/OIG; Oversight/accountability guardrails; Clinical integration; Continuity/early intervention; Transition/delay request; Alternative to employment test; Licensure/qualified staff; Coding/device valuation,https://www.regulations.gov/comment/CMS-2026-2377-1265
CMS-2026-2377-1266,2026-07-30,Katie Abebe,Individual,,Health Care Professional/Association - Physical Therapist,PA,465,Yes,Oppose/narrow employment restriction,Access disruption; Workforce shortages; Program integrity/OIG; Oversight/accountability guardrails; Clinical integration; Continuity/early intervention,https://www.regulations.gov/comment/CMS-2026-2377-1266
CMS-2026-2377-1269,2026-07-30,Kyle Warner,Individual,,Unspecified,Unspecified,660,Yes,Oppose/narrow employment restriction,Access disruption; Workforce shortages; Program integrity/OIG; Continuity/early intervention; Transition/delay request; Alternative to employment test; Licensure/qualified staff; Coding/device valuation,https://www.regulations.gov/comment/CMS-2026-2377-1269
CMS-2026-2377-1287,2026-07-31,Branden Bubnick,Individual,,Physical Therapist - HC045,KY,479,Yes,Oppose/narrow employment restriction,Access disruption; Workforce shortages; Program integrity/OIG; Oversight/accountability guardrails; Clinical integration,https://www.regulations.gov/comment/CMS-2026-2377-1287
CMS-2026-2377-1288,2026-07-31,Jamie Roberts,Individual,,Unspecified,TN,494,Yes,Oppose/narrow employment restriction,Access disruption; Workforce shortages; Program integrity/OIG; Oversight/accountability guardrails; Clinical integration,https://www.regulations.gov/comment/CMS-2026-2377-1288
CMS-2026-2377-1292,2026-07-31,Matthew O'Connor,Individual,,Health Care Professional/Association - Physical Therapist,TN,448,Yes,Oppose/narrow employment restriction,Access disruption; Workforce shortages; Program integrity/OIG; Oversight/accountability guardrails; Clinical integration; Transition/delay request; Licensure/qualified staff,https://www.regulations.gov/comment/CMS-2026-2377-1292
CMS-2026-2377-1293,2026-07-31,Matthew Johnson,Individual,,Individual,GA,521,Yes,Oppose/narrow employment restriction,Access disruption; Rural/underserved impact; Workforce shortages; Program integrity/OIG; Oversight/accountability guardrails; Clinical integration,https://www.regulations.gov/comment/CMS-2026-2377-1293
CMS-2026-2377-1304,2026-07-31,Andreanna McLeod,Individual,,Health Care Professional/Association - Physical Therapist,MO,448,Yes,Oppose/narrow employment restriction,Access disruption; Workforce shortages; Program integrity/OIG; Oversight/accountability guardrails; Clinical integration; Continuity/early intervention; Alternative to employment test,https://www.regulations.gov/comment/CMS-2026-2377-1304
CMS-2026-2377-1306,2026-07-31,Jennifer Cazeaux,Individual,,Individual,GA,517,Yes,Oppose/narrow employment restriction,Access disruption; Workforce shortages; Program integrity/OIG; Oversight/accountability guardrails; Clinical integration; Continuity/early intervention,https://www.regulations.gov/comment/CMS-2026-2377-1306
CMS-2026-2377-1307,2026-07-31,Meagan Paczesny,Individual,,Health Care Professional/Association - Physical Therapist,MS,446,Yes,Oppose/narrow employment restriction,Access disruption; Workforce shortages; Program integrity/OIG; Oversight/accountability guardrails; Clinical integration; Licensure/qualified staff,https://www.regulations.gov/comment/CMS-2026-2377-1307
CMS-2026-2377-1308,2026-07-31,"Luis Reynoso, MD",Organization,"Luis Reynoso, MD",Unspecified,Unspecified,45,Yes,Oppose/narrow employment restriction,Small/independent practice capacity; Workforce shortages,https://www.regulations.gov/comment/CMS-2026-2377-1308
CMS-2026-2377-1313,2026-07-31,Mark Jagger,Individual,,Health Care Professional/Association - Physical Therapist,MO,457,Yes,Oppose/narrow employment restriction,Access disruption; Workforce shortages; Program integrity/OIG; Oversight/accountability guardrails; Clinical integration; Transition/delay request; Alternative to employment test,https://www.regulations.gov/comment/CMS-2026-2377-1313
CMS-2026-2377-1319,2026-07-31,Joshua Crumley,Individual,,Individual,Unspecified,454,Yes,Oppose/narrow employment restriction,Access disruption; Workforce shortages; Program integrity/OIG; Oversight/accountability guardrails; Clinical integration; Continuity/early intervention,https://www.regulations.gov/comment/CMS-2026-2377-1319
CMS-2026-2377-1321,2026-07-31,Anonymous/withheld,Anonymous/withheld,,Unspecified,Unspecified,28,No,RPM/RTM adjacent,Small/independent practice capacity,https://www.regulations.gov/comment/CMS-2026-2377-1321
CMS-2026-2377-1327,2026-07-31,Clear Chronic Care,Organization,Clear Chronic Care,Health Care Professional/Association - Physician,Unspecified,38,No,RPM/RTM adjacent,Access disruption,https://www.regulations.gov/comment/CMS-2026-2377-1327
CMS-2026-2377-1332,2026-07-31,Grant Stophlet,Individual,,Health Care Professional/Association - Physical Therapist,Unspecified,450,Yes,Oppose/narrow employment restriction,Access disruption; Workforce shortages; Program integrity/OIG; Oversight/accountability guardrails; Clinical integration; Licensure/qualified staff,https://www.regulations.gov/comment/CMS-2026-2377-1332
CMS-2026-2377-1336,2026-07-31,Sarah Alcorn,Individual,,Health Care Industry - PI015,PA,690,Yes,Oppose/narrow employment restriction,Access disruption; Rural/underserved impact; Workforce shortages; Program integrity/OIG; Oversight/accountability guardrails; Clinical integration; Continuity/early intervention; Transition/delay request; Alternative to employment test; Coding/device valuation,https://www.regulations.gov/comment/CMS-2026-2377-1336
CMS-2026-2377-1339,2026-07-31,Greg Schroeder,Individual,,Health Care Professional/Association - Physical Therapist,UT,416,Yes,Oppose/narrow employment restriction,Access disruption; Workforce shortages; Program integrity/OIG; Oversight/accountability guardrails; Clinical integration; Continuity/early intervention,https://www.regulations.gov/comment/CMS-2026-2377-1339
CMS-2026-2377-1349,2026-07-31,Mason Williams,Individual,,Private Industry - Health Care,GA,322,Yes,Oppose/narrow employment restriction,Access disruption; Small/independent practice capacity; Rural/underserved impact; Program integrity/OIG; Clinical integration; Transition/delay request,https://www.regulations.gov/comment/CMS-2026-2377-1349
CMS-2026-2377-1352,2026-07-31,Nathan Koslakiewicz,Individual,,Health Care Professional/Association - Physical Therapist,KY,474,Yes,Oppose/narrow employment restriction,Access disruption; Workforce shortages; Program integrity/OIG; Oversight/accountability guardrails; Clinical integration; Transition/delay request,https://www.regulations.gov/comment/CMS-2026-2377-1352
CMS-2026-2377-1358,2026-07-31,Brian Childress,Individual,,Individual,FL,3578,No,RPM/RTM adjacent,Access disruption; Small/independent practice capacity; Rural/underserved impact; Workforce shortages; Oversight/accountability guardrails; Clinical integration; Continuity/early intervention; Alternative to employment test; Licensure/qualified staff,https://www.regulations.gov/comment/CMS-2026-2377-1358
CMS-2026-2377-1363,2026-07-31,Jodhvir Sarai,Individual,,Health Care Industry - PI015,WA,365,Yes,Support/clarify employment restriction,Oversight/accountability guardrails; Clinical integration; Alternative to employment test,https://www.regulations.gov/comment/CMS-2026-2377-1363
CMS-2026-2377-1370,2026-07-31,Alicia Graziano,Individual,,Health Care Professional/Association - Physical Therapist,DE,468,Yes,Oppose/narrow employment restriction,Access disruption; Rural/underserved impact; Workforce shortages; Program integrity/OIG; Oversight/accountability guardrails; Clinical integration,https://www.regulations.gov/comment/CMS-2026-2377-1370
CMS-2026-2377-1372,2026-07-31,Kieun McCrimon,Individual,,Health Care Professional/Association - Physical Therapist,AL,484,Yes,Oppose/narrow employment restriction,Access disruption; Workforce shortages; Program integrity/OIG; Oversight/accountability guardrails; Clinical integration; Continuity/early intervention,https://www.regulations.gov/comment/CMS-2026-2377-1372
CMS-2026-2377-1384,2026-07-31,Stephen Weyandt,Individual,,Health Care Professional/Association - Physical Therapist,GA,411,Yes,Oppose/narrow employment restriction,Access disruption; Workforce shortages; Program integrity/OIG; Oversight/accountability guardrails; Clinical integration; Continuity/early intervention,https://www.regulations.gov/comment/CMS-2026-2377-1384
CMS-2026-2377-1386,2026-07-31,Annie Reybrock,Individual,,Unspecified,Unspecified,660,Yes,Oppose/narrow employment restriction,Access disruption; Workforce shortages; Program integrity/OIG; Continuity/early intervention; Transition/delay request; Alternative to employment test; Licensure/qualified staff; Coding/device valuation,https://www.regulations.gov/comment/CMS-2026-2377-1386
CMS-2026-2377-1388,2026-08-03,Eric Steed,Individual,,Health Care Professional/Association - Physical Therapist,GA,497,Yes,Oppose/narrow employment restriction,Access disruption; Workforce shortages; Program integrity/OIG; Oversight/accountability guardrails; Clinical integration; Continuity/early intervention,https://www.regulations.gov/comment/CMS-2026-2377-1388
CMS-2026-2377-1390,2026-08-03,Jameson Riner,Individual,,Health Care Professional/Association - Physical Therapist,OH,439,Yes,Oppose/narrow employment restriction,Access disruption; Rural/underserved impact; Workforce shortages; Program integrity/OIG; Oversight/accountability guardrails; Clinical integration,https://www.regulations.gov/comment/CMS-2026-2377-1390
CMS-2026-2377-1395,2026-08-03,Kathleen Morse,Individual,,Health Care Professional/Association - Physical Therapist,Unspecified,489,Yes,Oppose/narrow employment restriction,Access disruption; Workforce shortages; Program integrity/OIG; Oversight/accountability guardrails; Clinical integration; Licensure/qualified staff,https://www.regulations.gov/comment/CMS-2026-2377-1395
CMS-2026-2377-1397,2026-08-03,Upstream rehab,Organization,Upstream rehab,Unspecified,Unspecified,368,Yes,Oppose/narrow employment restriction,Access disruption; Workforce shortages; Program integrity/OIG; Oversight/accountability guardrails; Clinical integration,https://www.regulations.gov/comment/CMS-2026-2377-1397
CMS-2026-2377-1412,2026-08-03,Mitch Hutter,Individual,,Unspecified,Unspecified,660,Yes,Oppose/narrow employment restriction,Access disruption; Workforce shortages; Program integrity/OIG; Continuity/early intervention; Transition/delay request; Alternative to employment test; Licensure/qualified staff; Coding/device valuation,https://www.regulations.gov/comment/CMS-2026-2377-1412
CMS-2026-2377-1420,2026-08-03,Richard Ball,Individual,,Unspecified,Unspecified,660,Yes,Oppose/narrow employment restriction,Access disruption; Workforce shortages; Program integrity/OIG; Continuity/early intervention; Transition/delay request; Alternative to employment test; Licensure/qualified staff; Coding/device valuation,https://www.regulations.gov/comment/CMS-2026-2377-1420
CMS-2026-2377-1430,2026-08-03,Andrew Wallner,Individual,,Unspecified,Unspecified,660,Yes,Oppose/narrow employment restriction,Access disruption; Workforce shortages; Program integrity/OIG; Continuity/early intervention; Transition/delay request; Alternative to employment test; Licensure/qualified staff; Coding/device valuation,https://www.regulations.gov/comment/CMS-2026-2377-1430
CMS-2026-2377-1433,2026-08-03,Nicole Wentzien,Individual,,Unspecified,Unspecified,660,Yes,Oppose/narrow employment restriction,Access disruption; Workforce shortages; Program integrity/OIG; Continuity/early intervention; Transition/delay request; Alternative to employment test; Licensure/qualified staff; Coding/device valuation,https://www.regulations.gov/comment/CMS-2026-2377-1433
CMS-2026-2377-1438,2026-08-03,Keith Haviland,Individual,,Unspecified,Unspecified,660,Yes,Oppose/narrow employment restriction,Access disruption; Workforce shortages; Program integrity/OIG; Continuity/early intervention; Transition/delay request; Alternative to employment test; Licensure/qualified staff; Coding/device valuation,https://www.regulations.gov/comment/CMS-2026-2377-1438
CMS-2026-2377-1439,2026-08-03,david schmidt,Individual,,Physician - HC005,CA,67,No,RPM/RTM adjacent,Continuity/early intervention,https://www.regulations.gov/comment/CMS-2026-2377-1439
CMS-2026-2377-1445,2026-08-03,Brandon Anible,Individual,,Health Care Professional/Association - Physical Therapist,OR,711,Yes,Oppose/narrow employment restriction,Access disruption; Rural/underserved impact; Workforce shortages; Program integrity/OIG; Oversight/accountability guardrails; Clinical integration; Continuity/early intervention,https://www.regulations.gov/comment/CMS-2026-2377-1445
CMS-2026-2377-1446,2026-08-03,Optimal Wellness Pharmacy,Organization,Optimal Wellness Pharmacy,Government - Federal,Unspecified,480,Yes,Oppose/narrow employment restriction,Access disruption; Rural/underserved impact; Oversight/accountability guardrails; Continuity/early intervention; Alternative to employment test; Licensure/qualified staff,https://www.regulations.gov/comment/CMS-2026-2377-1446
CMS-2026-2377-1449,2026-08-03,Christine Yoder,Individual,,Private Industry - Health Care,PA,750,Yes,Oppose/narrow employment restriction,Access disruption; Workforce shortages; Program integrity/OIG; Oversight/accountability guardrails; Clinical integration; Continuity/early intervention; Alternative to employment test; Licensure/qualified staff; Coding/device valuation,https://www.regulations.gov/comment/CMS-2026-2377-1449
CMS-2026-2377-1466,2026-08-03,Vaughn Eyvazian,Individual,,Physician - HC005,CA,624,No,Oppose/narrow employment restriction,Access disruption; Small/independent practice capacity; Rural/underserved impact; Workforce shortages; Program integrity/OIG; Oversight/accountability guardrails; Clinical integration; Continuity/early intervention; Transition/delay request; Alternative to employment test; Licensure/qualified staff; Coding/device valuation,https://www.regulations.gov/comment/CMS-2026-2377-1466
CMS-2026-2377-1486,2026-08-03,Lisa Williams,Individual,,Unspecified,Unspecified,660,Yes,Oppose/narrow employment restriction,Access disruption; Workforce shortages; Program integrity/OIG; Continuity/early intervention; Transition/delay request; Alternative to employment test; Licensure/qualified staff; Coding/device valuation,https://www.regulations.gov/comment/CMS-2026-2377-1486
CMS-2026-2377-1532,2026-08-03,Parag Mehta,Individual,,Health Care Professional/Association - Physician,NY,1033,Yes,Oppose/narrow employment restriction,Access disruption; Small/independent practice capacity; Rural/underserved impact; Oversight/accountability guardrails; Clinical integration; Continuity/early intervention; Alternative to employment test; Coding/device valuation,https://www.regulations.gov/comment/CMS-2026-2377-1532
CMS-2026-2377-1533,2026-08-03,Jeff Smietana,Individual,,Health Care Professional/Association - Physician,Unspecified,562,Yes,Oppose/narrow employment restriction,Access disruption; Workforce shortages; Program integrity/OIG; Oversight/accountability guardrails; Continuity/early intervention; Transition/delay request; Alternative to employment test,https://www.regulations.gov/comment/CMS-2026-2377-1533
CMS-2026-2377-1572,2026-08-03,Anonymous/withheld,Anonymous/withheld,,Health Care Professional/Association - Occupational Therapis,Unspecified,526,No,RPM/RTM adjacent,Access disruption; Rural/underserved impact; Workforce shortages; Program integrity/OIG; Oversight/accountability guardrails; Continuity/early intervention; Coding/device valuation,https://www.regulations.gov/comment/CMS-2026-2377-1572
CMS-2026-2377-1599,2026-08-03,Jason Taylor,Individual,,Unspecified,TN,445,Yes,Oppose/narrow employment restriction,Access disruption; Workforce shortages; Program integrity/OIG; Oversight/accountability guardrails; Clinical integration; Continuity/early intervention; Licensure/qualified staff,https://www.regulations.gov/comment/CMS-2026-2377-1599
CMS-2026-2377-1605,2026-08-03,The Hirsh Center for Arthritis and Sports Medicine,Organization,The Hirsh Center for Arthritis and Sports Medicine,Health Care Professional/Association - Physician,Unspecified,559,No,Oppose/narrow employment restriction,Access disruption; Workforce shortages; Transition/delay request; Alternative to employment test; Coding/device valuation,https://www.regulations.gov/comment/CMS-2026-2377-1605
CMS-2026-2377-1619,2026-08-03,Matthew Foley,Individual,,Health Care Professional/Association - Physical Therapist,GA,446,Yes,Oppose/narrow employment restriction,Access disruption; Workforce shortages; Program integrity/OIG; Oversight/accountability guardrails; Clinical integration,https://www.regulations.gov/comment/CMS-2026-2377-1619
CMS-2026-2377-1632,2026-08-03,Harold Rahner,Individual,,Health Care Professional/Association - Physical Therapist,Unspecified,487,Yes,Oppose/narrow employment restriction,Access disruption; Workforce shortages; Program integrity/OIG; Oversight/accountability guardrails; Clinical integration,https://www.regulations.gov/comment/CMS-2026-2377-1632
CMS-2026-2377-1633,2026-08-03,David Gustafson,Individual,,Health Care Professional/Association - Physical Therapist,NC,498,Yes,Oppose/narrow employment restriction,Access disruption; Rural/underserved impact; Workforce shortages; Program integrity/OIG; Oversight/accountability guardrails; Clinical integration,https://www.regulations.gov/comment/CMS-2026-2377-1633
CMS-2026-2377-1634,2026-08-03,Sarah Roberts,Individual,,Unspecified,Unspecified,254,Yes,Oppose/narrow employment restriction,Access disruption; Rural/underserved impact; Workforce shortages; Oversight/accountability guardrails; Alternative to employment test,https://www.regulations.gov/comment/CMS-2026-2377-1634
CMS-2026-2377-1641,2026-08-03,Chelsea Horgan,Individual,,Health Care Professional/Association - Physical Therapist,NC,471,Yes,Oppose/narrow employment restriction,Access disruption; Workforce shortages; Program integrity/OIG; Oversight/accountability guardrails; Clinical integration,https://www.regulations.gov/comment/CMS-2026-2377-1641
